,0,1
0,10.058354,3.1879818
1,-3.2078838,2.6325204
2,-0.80059814,7.9919443
3,10.148517,-0.40703994
4,3.4967804,12.582548
5,9.213332,-1.7141119
6,2.0093312,10.142343
7,3.4184132,11.557292
8,5.328626,7.5723224
9,7.4481163,-4.989176
10,-3.710579,-2.9851182
11,6.8285127,-0.6762145
12,7.362332,-7.173418
13,3.3900385,3.824531
14,-1.9505204,7.688766
15,-5.721975,4.934812
16,9.35785,4.0433702
17,4.6079206,3.0934784
18,5.809697,3.573768
19,0.296693,6.503474
20,9.015959,-5.0080733
21,3.5125487,7.7197914
22,-4.9542484,3.7502818
23,3.3975248,14.539803
24,12.508486,0.74496156
25,6.69916,1.597105
26,5.0686135,4.6929307
27,-2.474273,-4.1421437
28,6.883253,7.845963
29,2.0434778,2.4528522
30,-3.2379506,-4.910993
31,8.228472,-5.151063
32,7.749179,9.512291
33,2.2821164,11.437315
34,9.744621,2.4960442
35,5.494036,4.0752144
36,8.17462,-4.824437
37,-2.1079395,2.3109267
38,5.1676836,1.7488852
39,3.6509292,6.9434466
40,-4.5009494,6.4867353
41,6.1508822,-4.734349
42,9.943451,3.307863
43,4.9317617,8.513714
44,10.835311,-0.31305486
45,6.4320087,1.8412747
46,-4.3031135,3.8729346
47,9.383518,0.5308196
48,7.61646,5.2220106
49,3.3141499,6.3049273
50,6.7747016,4.1156764
51,-4.812229,3.7452824
52,-1.5944108,7.384245
53,6.8399696,-1.094056
54,2.299477,11.502094
55,7.051731,6.844704
56,-3.5911767,2.9386032
57,8.6093,9.84721
58,11.2995615,0.9405451
59,9.507693,-0.85366434
60,6.5790863,0.88880825
61,7.983325,-5.3172574
62,5.100799,12.802707
63,4.2639303,10.275005
64,3.4047801,6.3126783
65,0.38331512,9.4629135
66,3.9501233,11.620016
67,3.52342,11.309916
68,1.910154,2.335174
69,-2.2298105,-1.578981
70,5.328983,5.580477
71,8.690009,7.41228
72,7.184589,0.27221653
73,-2.0738611,3.3117168
74,1.0621848,6.0592947
75,9.208805,-4.5460057
76,4.9693613,5.064919
77,1.5849805,10.367668
78,1.9738536,5.827895
79,6.6780562,10.1737795
80,7.8109064,3.0054853
81,0.31971192,7.497085
82,1.7357178,2.4836676
83,2.791448,14.140909
84,-5.5549564,6.1514087
85,-1.4937793,9.884044
86,7.3432794,-5.974592
87,4.8793917,4.7070413
88,-2.8612528,-4.108298
89,2.3011653,10.830832
90,7.124545,-1.191012
91,9.418524,-1.4782048
92,3.1562722,7.639682
93,3.1319702,10.124588
94,-1.2876122,5.4239097
95,-0.31998962,7.9941483
96,5.039746,9.410959
97,7.2650447,-6.3780985
98,7.502265,-1.208308
99,0.49657372,9.110561
100,-4.3023515,4.4979177
101,8.950691,-5.0065565
102,1.6584356,4.448064
103,-3.5835202,5.4708266
104,10.902904,2.673942
105,2.2077599,7.947917
106,1.5627143,3.2623982
107,7.770872,8.736666
108,9.507824,1.513281
109,12.177258,1.2165346
110,-3.186931,-5.040269
111,12.0735,2.0164948
112,1.9159421,4.1595926
113,-4.1517572,3.7290773
114,6.915919,8.942111
115,-3.5006406,3.623914
116,5.538791,11.891935
117,6.9583054,3.7385087
118,7.3620415,-1.922512
119,7.061688,7.9648905
120,6.144889,0.33244282
121,5.932888,9.999207
122,-1.1691167,7.810123
123,2.5485492,14.224684
124,-2.7019093,8.581822
125,-2.9500372,-1.548678
126,5.9938164,-4.644975
127,7.809045,-6.611853
128,5.49289,1.9695839
129,-2.982825,-0.50080967
130,5.9743385,3.3298635
131,3.593961,7.1997323
132,8.639455,-0.7516716
133,5.6777115,10.981428
134,-4.817995,6.525275
135,1.0817938,6.0404835
136,-2.214015,0.5270211
137,6.998915,10.008676
138,9.286604,-1.779155
139,6.9040604,0.881708
140,5.7813306,13.345739
141,7.3131633,-3.4805562
142,3.1862152,7.364661
143,7.571035,-1.341179
144,-2.41249,-4.4263616
145,-5.533161,4.3786407
146,6.960272,-6.867153
147,2.851574,10.416059
148,5.760996,1.4495286
149,-1.901884,8.148396
150,-1.8482187,0.6861794
151,4.0283804,5.353229
152,3.6566076,6.263847
153,6.89118,0.781359
154,5.634159,8.873293
155,2.1414986,12.815335
156,-4.026846,5.9721026
157,6.4413934,-4.8063736
158,0.7153152,5.6780944
159,5.458104,10.8289995
160,-3.2888124,-4.1204014
161,-4.1887403,3.7246284
162,6.748971,5.9648013
163,5.469361,2.8292756
164,6.907983,3.9929583
165,2.5806172,14.092035
166,11.217539,-0.16000856
167,1.0773021,10.320208
168,-3.6063178,-4.3459997
169,-4.3801794,6.407874
170,-4.649458,6.2934794
171,7.047033,10.664404
172,3.432777,13.611197
173,-2.3862529,-1.7807143
174,10.639041,3.7803774
175,5.871592,12.203993
176,11.88948,0.14375709
177,2.2274427,9.529914
178,-3.2377193,2.6371784
179,12.207679,0.61016244
180,8.295721,8.383161
181,4.332404,6.977663
182,9.9349985,3.824585
183,-0.26530007,8.368971
184,9.429271,-0.05387332
185,3.718064,9.774316
186,-2.8248947,2.0186903
187,3.8135335,13.326951
188,6.3079743,-2.3044446
189,3.5691755,7.073581
190,2.7360458,11.8672285
191,-4.0667286,4.33777
192,-2.0491838,5.5609903
193,11.878798,2.4032102
194,-4.0265865,6.743215
195,-4.1168694,4.839371
196,10.814854,4.1377625
197,8.156811,-0.17170256
198,8.897805,-3.211871
199,6.733513,0.03496146
200,4.612534,11.912398
201,-0.869928,7.4847674
202,11.81157,1.8134955
203,8.470696,9.775193
204,5.785708,2.2576656
205,-0.1849643,9.5712805
206,10.341835,3.4135573
207,-5.4744473,5.5909925
208,-3.8228295,-4.18796
209,6.513335,10.186161
210,4.817528,9.12661
211,3.9293,12.499505
212,0.22500427,7.0856485
213,5.6146584,5.228634
214,4.3390965,4.3231883
215,7.918707,-5.5576353
216,4.6680746,12.600731
217,11.093946,1.9358493
218,2.083657,12.243494
219,6.3502283,9.269155
220,-2.7245488,1.675876
221,5.122308,11.845749
222,6.7254763,3.338789
223,-2.3271148,1.5923223
224,7.88807,-6.1627064
225,-0.3483277,8.205867
226,-2.1196082,3.1181693
227,9.824437,-0.90898067
228,6.306998,3.6103382
229,-1.4300395,0.92414457
230,5.828873,6.601022
231,5.7171574,10.650016
232,6.9303465,3.596463
233,-2.1172738,-0.56064117
234,7.4129314,-1.9686868
235,3.91617,4.4089956
236,4.9138756,9.972796
237,7.9244184,4.3959475
238,-0.98486435,1.3066832
239,4.2651386,6.758839
240,0.63353163,2.7797563
241,-2.7096663,0.6690245
242,6.8848834,-2.428655
243,7.225351,10.863807
244,-0.43504032,7.7460017
245,6.4221096,-4.0070934
246,7.1754646,7.8295045
247,5.8203034,11.041143
248,-1.3813366,8.079624
249,6.066788,9.475909
250,4.244313,6.6640096
251,-0.013910888,10.018596
252,7.2738214,-0.20376717
253,5.970216,1.5369273
254,3.3096123,8.383957
255,3.443128,5.888398
256,5.678066,4.366396
257,-0.71500313,1.4435493
258,6.0086493,3.505156
259,2.147299,11.458594
260,6.5862617,8.418545
261,8.9839,8.468779
262,3.0925584,6.615029
263,4.53813,6.29002
264,2.0803308,11.401213
265,-1.711231,2.9918618
266,-1.5725352,-0.88528174
267,2.2719185,7.5829496
268,6.3959184,2.9292574
269,2.3162453,5.9132543
270,9.233699,1.3901759
271,-5.36806,5.7230506
272,4.746515,7.063341
273,4.7845883,4.723459
274,3.4111962,10.230638
275,-2.9215436,4.490105
276,6.969575,0.4964664
277,9.297267,1.7967283
278,6.9175696,-4.3251104
279,-2.7026856,3.5795393
280,7.119158,9.46954
281,8.304784,4.1764746
282,1.3996934,10.678346
283,5.9637628,1.8529778
284,2.1708653,3.3581383
285,4.8517833,7.0055346
286,10.209168,2.2740018
287,-1.6036888,9.591242
288,4.830374,4.926251
289,-1.4346431,7.1475005
290,8.046499,7.142199
291,7.4835153,10.8903675
292,6.7607303,-1.8681176
293,6.908797,6.9340544
294,5.75754,-2.2194493
295,2.1372073,10.308025
296,11.271049,2.3085818
297,2.6105757,8.250697
298,7.26311,7.346441
299,2.2247448,6.1020403
300,10.686884,3.7166884
301,6.3987913,10.216197
302,8.763815,-4.842973
303,6.9014807,3.2724538
304,5.2259507,9.711182
305,8.20446,-3.3314865
306,3.7648673,11.965645
307,-2.1147742,9.366021
308,6.9543095,9.032996
309,-0.7103373,9.922496
310,-2.8344717,5.785004
311,8.496355,6.9779325
312,5.8797536,0.9363012
313,-4.8741255,6.041616
314,0.045331735,3.261231
315,10.638077,4.2961445
316,4.429514,8.141453
317,5.6203613,1.8692044
318,3.8073232,13.448861
319,6.0087204,2.2058895
320,-2.305018,-1.5620006
321,7.204061,10.650236
322,-3.098872,0.7409036
323,9.109729,-1.8451058
324,6.8518953,4.2694006
325,5.6545644,3.5844586
326,-5.429401,6.5971947
327,5.512174,6.2350764
328,2.6562753,9.787871
329,-2.4560685,4.0466557
330,-0.1638794,5.25915
331,9.388539,3.837511
332,9.503662,4.1063914
333,6.4726515,9.191909
334,7.238395,-6.015513
335,6.6769843,6.6007996
336,2.7484887,14.59889
337,7.6297717,-4.7776794
338,9.0365305,9.079826
339,1.9665368,7.464794
340,4.2015204,5.2297244
341,8.127272,-1.0709382
342,-1.0467921,6.92593
343,-3.8457518,4.0696115
344,5.330424,7.9076366
345,3.7886186,10.106967
346,-1.8114028,7.6739006
347,7.3454294,-0.67520344
348,8.041022,1.299976
349,12.396599,0.63511425
350,9.856539,-1.0969735
351,-3.7464528,-4.5084257
352,-0.60763717,8.351738
353,-2.282099,0.43519074
354,5.690139,5.632403
355,6.5393243,-3.0994215
356,5.769061,-3.268994
357,-1.9029769,8.3647785
358,6.6260285,-1.530498
359,6.867522,1.3985964
360,6.484269,-3.1198874
361,6.7047443,10.996524
362,-1.0085157,4.852776
363,4.160198,6.712209
364,-1.9587216,4.3641667
365,2.9419146,7.5766306
366,5.690363,6.717021
367,-3.0590103,-4.4739614
368,6.0194755,7.0048637
369,8.187503,4.9452143
370,-3.6803172,4.8488245
371,2.0744348,14.026556
372,6.0916877,0.3522673
373,3.1424098,13.229445
374,6.980127,4.945905
375,6.6680593,-0.36647686
376,11.295117,1.4882573
377,3.5329576,6.014204
378,5.7209334,12.290467
379,8.139508,4.3532305
380,6.2291875,5.6286855
381,1.1184546,9.3448515
382,-0.16050808,5.6982017
383,5.3451014,10.965455
384,8.116551,-6.4585686
385,-3.1773396,1.1371648
386,-2.8148673,-1.1201304
387,0.41753203,6.7559357
388,-1.8188295,4.907053
389,2.3707461,4.7098746
390,2.2653198,11.339587
391,3.0784867,5.4174995
392,5.230023,9.59422
393,5.0957394,5.008585
394,11.18291,2.7339563
395,7.841019,4.593124
396,2.078475,2.793727
397,0.71426415,4.944276
398,6.546882,2.0149953
399,6.9471383,4.029158
400,2.9286082,10.896137
401,-1.0943193,0.6887511
402,12.568455,1.4054099
403,-2.3940995,-0.11443989
404,9.805753,2.2935543
405,5.5541224,10.929401
406,10.156755,1.9029268
407,7.144675,-6.6333027
408,4.2980847,6.407102
409,6.539487,4.19629
410,-0.62022585,9.7136
411,4.22557,7.44954
412,6.6590343,2.0125778
413,10.066105,3.5045757
414,5.6344047,6.470315
415,-5.34448,4.9015822
416,-0.27753538,3.0804353
417,3.022996,7.3974175
418,6.284336,1.8560134
419,2.5462534,3.669343
420,12.145389,1.1279861
421,-3.4880445,1.4643711
422,8.677363,-5.3157387
423,7.419637,-5.2284284
424,7.70177,8.207919
425,4.8615303,6.696409
426,6.7194448,10.314097
427,10.185659,2.1235123
428,-3.53803,1.5809158
429,6.938934,-0.26283506
430,0.29835168,3.4502325
431,9.7913885,4.2394114
432,4.155703,5.751459
433,2.9354541,11.409215
434,-4.248897,3.207021
435,-3.601198,-4.9777465
436,-3.1367652,5.740262
437,8.30751,10.195413
438,5.2298265,3.7717237
439,9.528793,2.9424572
440,7.040409,-5.000384
441,8.811619,8.818662
442,-0.34748057,7.683233
443,3.686859,4.6781874
444,4.5433,7.1701074
445,6.7389235,5.962369
446,-1.8141034,-1.6699259
447,-3.8508525,-4.884542
448,-5.7719493,4.7592907
449,5.855475,5.9938025
450,9.455647,-1.3422873
451,2.9556606,6.4827003
452,4.8142533,11.143921
453,9.269112,-4.127779
454,8.413475,-6.0618486
455,-4.5698714,3.7948837
456,3.7686944,8.61673
457,-0.27096158,6.881875
458,-2.3566215,8.520301
459,8.653082,4.079852
460,5.3068233,5.837541
461,5.5864625,1.4502423
462,7.404256,10.808087
463,4.532635,13.106981
464,8.86538,-3.9159563
465,0.4091143,10.14411
466,7.528882,10.854739
467,3.31407,14.543706
468,5.908001,6.0627995
469,2.5914705,3.149715
470,1.4580572,9.743549
471,7.2756066,-0.18233222
472,5.9039607,8.694729
473,10.253765,3.3983493
474,-2.7099063,9.413931
475,9.45843,3.0946548
476,4.759586,10.261329
477,2.1025012,11.752165
478,3.3252277,11.993283
479,-3.7648466,-4.2325535
480,4.422627,5.986876
481,3.2787356,8.583789
482,5.5345573,8.575878
483,8.937046,7.8273873
484,-3.7609153,6.3795443
485,-4.327803,5.644839
486,-0.30563727,5.226197
487,9.424377,3.0965889
488,7.032048,5.4820724
489,3.1329677,5.6203666
490,-0.6924185,9.400774
491,9.289414,3.8657675
492,5.5755615,8.982955
493,7.8035393,0.2616756
494,-0.33022517,9.847969
495,-2.6296663,-3.2193828
496,10.109005,3.4387877
497,-2.4372945,5.2937493
498,6.101412,10.72475
499,3.2976346,7.0772076
500,-2.7281773,-4.3380365
501,9.922379,-0.12005539
502,5.5834026,9.919992
503,0.093909696,6.891369
504,7.2927504,-6.9505496
505,5.5695133,1.135831
506,0.5003687,5.407356
507,-1.440683,2.170414
508,6.94852,-5.001807
509,9.723827,0.3178822
510,5.690161,7.8621564
511,2.0849774,3.039997
512,-3.239199,1.1907666
513,8.033643,-3.47967
514,2.4291859,7.6097608
515,6.137531,5.5998335
516,6.6215916,1.218276
517,5.27196,12.303495
518,1.1278013,3.1337514
519,-3.4397511,0.99347687
520,4.5816026,5.743031
521,1.0557817,10.441441
522,7.4112206,9.077576
523,-2.4362867,7.8867226
524,8.191008,-6.9983654
525,5.8690443,9.096548
526,-2.5564716,6.375979
527,4.419848,4.6329856
528,-3.5959635,3.8865876
529,6.688724,-3.5552995
530,4.824122,9.8459015
531,-0.20985807,6.9422293
532,5.550829,12.502184
533,-3.7461355,6.652374
534,-5.3997593,4.1978445
535,7.8016233,8.399527
536,3.9332438,12.057894
537,7.8307266,-6.4875193
538,5.338709,6.800988
539,9.884218,2.1115115
540,11.735987,3.2597692
541,2.8538551,9.480896
542,-1.6893349,5.762508
543,-0.93638265,4.10944
544,6.34993,-4.426839
545,8.513981,-2.6092126
546,5.6706357,6.9173865
547,-0.41758126,5.8716288
548,5.319079,13.673178
549,1.621834,12.645916
550,-3.0223424,4.968428
551,-1.455935,8.453449
552,-2.5576727,-1.1533978
553,6.440298,10.914085
554,1.4992533,3.7022648
555,-5.169385,6.4747562
556,1.8884517,13.567822
557,6.551368,-2.6946812
558,7.7322426,4.9005003
559,2.344539,7.003196
560,7.481504,-7.358717
561,-0.83040005,7.4415946
562,-4.0087814,-3.6985252
563,-1.414449,7.376415
564,-5.094345,5.6387677
565,7.6192493,5.678187
566,3.057834,11.726955
567,7.58731,-5.7562447
568,6.6038313,-3.5951362
569,4.5043607,12.419079
570,6.0935893,13.126544
571,6.1648173,-1.6019918
572,5.764456,5.9965596
573,5.187762,5.9473367
574,7.4554763,5.2547374
575,6.9206734,-5.4404306
576,6.5973005,-0.9069524
577,5.400671,11.110484
578,5.557509,1.0562702
579,-1.9532764,2.2158096
580,6.9360204,-2.6677656
581,-1.2115724,1.3991194
582,2.958248,7.2552423
583,7.2282934,10.845867
584,-0.48288295,8.635597
585,-0.95960885,1.4405099
586,10.811307,3.6165583
587,0.33484384,3.2798746
588,-4.435567,4.0738053
589,3.7678502,3.8050222
590,5.0192504,6.891049
591,9.8305,4.8083706
592,7.121858,-0.36105245
593,10.740885,0.82836634
594,-1.1570835,1.8151002
595,0.38574675,9.986219
596,1.8852342,10.429813
597,-3.8078349,5.981479
598,-3.4818978,5.6095853
599,7.566155,3.158466
600,12.163676,1.7135569
601,8.912618,2.347766
602,6.223177,7.010887
603,-2.204087,-2.4149702
604,11.157026,2.431514
605,11.852731,2.951019
606,5.9163184,-1.9659423
607,7.7044096,4.745391
608,5.201467,10.905005
609,-2.7129323,3.6454873
610,6.4702435,0.9315866
611,4.540503,13.024651
612,-0.49126142,7.011672
613,12.159661,1.7491587
614,-5.5011497,4.892603
615,6.4829397,10.9103365
616,-2.206047,1.8444132
617,12.118326,0.060630936
618,8.960794,3.7242541
619,2.203609,3.8599458
620,-1.3923222,4.3056674
621,6.1797233,1.9506799
622,-1.7483431,-0.4206977
623,-1.6970321,-1.2954046
624,6.9545755,-6.514327
625,3.6807992,3.7466033
626,7.945869,4.9636602
627,6.3787584,8.160372
628,2.1050909,10.588485
629,1.4761428,6.890809
630,7.2625504,3.077648
631,6.352309,-3.2542422
632,3.4623265,10.391647
633,7.8836274,-4.3703027
634,8.853006,-3.1981096
635,5.379644,7.5531974
636,8.83543,4.577154
637,6.602544,-0.81878805
638,10.782449,2.0379577
639,-1.5069512,8.788533
640,3.3765395,5.7619314
641,1.734623,11.729913
642,-0.2454921,8.01234
643,6.1423845,10.619873
644,7.3646355,-1.2745715
645,6.5571656,-1.5130044
646,-2.1919262,1.1820413
647,3.7320018,7.81305
648,8.833123,1.049879
649,-2.6671555,8.236524
650,3.7594337,8.280498
651,10.084974,-0.6058737
652,3.3592846,8.890385
653,4.6498504,10.8503685
654,11.507876,2.9212432
655,7.765968,-3.1284313
656,4.1850986,11.409248
657,-2.0448751,4.633646
658,2.7840338,12.067992
659,12.628175,1.1132957
660,6.678604,8.58157
661,-0.9628179,0.69471824
662,6.5395274,8.433306
663,2.5890636,3.228769
664,8.091268,-4.4057255
665,-2.8366528,-4.164661
666,9.257994,-1.3047175
667,9.792619,3.2587771
668,9.016543,3.1979713
669,4.4869266,7.2904863
670,-1.9965165,0.8831736
671,6.2283306,3.499708
672,6.7473445,-4.7589836
673,-0.7927795,9.201566
674,3.6311305,12.493601
675,6.7221127,-2.0555346
676,5.6698303,12.918525
677,4.092377,5.290133
678,6.6101427,4.341282
679,8.487065,8.314477
680,8.232767,-1.780027
681,-0.9135187,1.8662606
682,7.6190257,-0.37722722
683,8.868842,4.202106
684,7.2034554,-1.5023013
685,7.798968,-7.3265986
686,0.6105465,2.8821855
687,4.8051553,14.086156
688,0.10353144,10.065084
689,-1.6733972,7.8958116
690,11.083619,1.0984983
691,11.418454,3.4976633
692,10.044271,0.031083178
693,3.4910922,8.207261
694,12.875877,0.7677845
695,7.5846777,5.3370957
696,6.6982574,-0.8842748
697,4.742971,13.621199
698,7.131671,3.435716
699,7.9450107,10.612952
700,5.7931824,10.386993
701,9.528159,-1.4117184
702,8.039579,-0.041879162
703,5.6242895,9.085306
704,9.044812,0.13660629
705,3.7923927,11.095317
706,4.938759,12.911561
707,7.8573813,0.3041789
708,-3.485473,6.065898
709,7.41188,9.226599
710,9.902957,2.6143756
711,0.42845845,7.205656
712,6.798721,0.3897649
713,-5.5507913,6.240177
714,2.9460866,11.876468
715,6.331763,-3.2586348
716,7.4348326,0.7534677
717,9.859031,1.6881977
718,0.8194332,9.4715805
719,6.127529,8.247727
720,7.408344,6.2073736
721,2.8694518,13.443387
722,6.0629597,0.038284868
723,7.047793,-5.5683913
724,11.84557,0.73287296
725,5.4181595,8.707142
726,2.5831904,14.258321
727,9.237509,1.6904099
728,10.857813,2.672244
729,6.061681,2.2863004
730,-3.1218438,0.31742278
731,3.8321266,11.144353
732,7.0267534,8.793354
733,7.1086164,0.30439526
734,7.6510797,-1.8162757
735,0.3463939,5.798568
736,4.599959,4.7328324
737,-1.7849512,5.465256
738,5.3888807,9.449682
739,-3.65248,6.3638663
740,-1.0785191,3.043732
741,0.6728704,6.759724
742,11.145718,0.96460605
743,8.024914,9.095178
744,5.0258694,9.055086
745,3.1273713,5.8627524
746,1.3763556,10.275852
747,6.1589794,5.715907
748,1.6947644,11.5248785
749,-3.3122241,4.3235383
750,4.692475,6.0153017
751,0.9439571,2.6038575
752,-3.4193273,2.099764
753,8.270099,-6.546177
754,-2.5398102,2.6108875
755,-2.9303813,-4.660054
756,8.016223,3.5001628
757,10.421917,2.6449263
758,-2.974165,-2.3583496
759,-4.129315,-4.4632955
760,1.063373,2.8420691
761,7.7178483,-7.5507774
762,-2.7801645,5.1996236
763,3.9680653,3.6066191
764,12.629926,0.7015268
765,2.934376,4.557519
766,9.868314,3.883206
767,0.6105869,2.708152
768,1.1211989,10.22706
769,5.815086,3.273822
770,6.150092,-2.5369484
771,10.306301,2.5578659
772,9.474734,-0.051465318
773,-4.1960363,3.1506128
774,4.9782534,8.7220335
775,3.2779415,6.1699777
776,6.4981656,-4.9741945
777,11.905012,1.0185388
778,2.7548237,6.2012167
779,3.4510014,6.4764533
780,-1.1633621,3.0149648
781,8.527344,7.676858
782,-4.4213653,3.2552116
783,5.8987346,5.4841933
784,-2.768953,1.0659554
785,-2.3888168,9.062089
786,-0.51395196,4.7137465
787,1.317949,5.235924
788,6.983803,-3.7616727
789,6.4965057,9.901981
790,10.009969,0.5407263
791,11.558428,2.5530026
792,-3.2847607,1.4979815
793,8.567364,-2.9402533
794,7.965663,-3.5606086
795,8.24844,0.3584336
796,6.69244,7.45326
797,4.8449435,13.940391
798,-2.8021855,5.201496
799,5.796805,12.80476
800,4.8143573,4.387063
801,2.4436705,10.368541
802,9.261108,-4.359918
803,7.082802,3.5100982
804,4.369128,11.187376
805,0.17436363,7.738029
806,5.296798,9.63325
807,11.388961,3.7724566
808,-3.7044878,5.8807764
809,6.4192076,1.2776212
810,0.08819219,7.306652
811,11.559824,0.7410694
812,6.0281415,-2.8100936
813,6.595362,-0.43167457
814,-3.394709,5.9481807
815,0.14929762,5.2674403
816,3.5750384,11.918311
817,7.808243,-3.0336497
818,7.627459,-4.822674
819,2.6864808,9.962446
820,7.544093,7.022471
821,11.421864,0.3951035
822,4.188957,7.4882674
823,2.8944004,10.697959
824,-2.5701187,8.125523
825,-0.35540748,5.239979
826,-1.8650554,1.3553271
827,5.4405994,6.6010923
828,-1.3918649,0.11603251
829,6.5913644,3.7639055
830,10.540249,3.9539795
831,2.9535978,5.954745
832,4.0280404,14.377692
833,-5.3327847,4.8218474
834,10.89152,3.5551493
835,9.361231,2.1669207
836,4.5613422,6.0015197
837,2.9731221,14.131797
838,6.427503,8.316237
839,9.709999,2.1268811
840,7.368531,-0.12130801
841,6.9737906,-6.432274
842,3.2750018,7.3846474
843,4.7235723,8.518717
844,7.37697,-4.18357
845,8.011706,-1.0743612
846,2.372412,12.862423
847,11.10756,2.2576704
848,-1.4170647,-0.13842486
849,4.248554,12.489758
850,2.9126248,12.870169
851,3.214061,11.615632
852,7.8857737,-0.09281742
853,4.502426,4.453801
854,12.50164,0.43286502
855,-2.7465298,-4.8469076
856,10.232033,3.827924
857,-3.803431,3.3972847
858,-3.6172383,6.5848465
859,10.22064,2.5538137
860,3.7652264,13.072516
861,4.3312373,4.766027
862,9.137467,8.254268
863,7.16597,-7.08943
864,2.5660186,7.320055
865,-2.7481906,-0.9055524
866,6.3198237,-3.6199555
867,3.3836198,6.5409303
868,6.926943,-1.2226973
869,2.695361,7.390443
870,1.0996827,7.2244873
871,-5.32012,6.492105
872,0.15065065,9.7448635
873,3.2105858,4.459677
874,0.8776248,6.626295
875,0.43661553,9.009919
876,7.6495304,-0.6896924
877,4.9138594,13.045026
878,10.922258,4.3454223
879,-4.841464,5.845033
880,7.1571536,10.825663
881,-4.1123295,4.7710047
882,-3.3393562,0.30283388
883,6.1874037,-1.3263084
884,-4.6245217,6.2568417
885,-3.1009386,3.742196
886,7.490932,4.6787186
887,0.9425581,6.770237
888,5.635143,7.14268
889,-1.8799382,7.4714646
890,5.5808063,7.9300537
891,4.3805046,11.128071
892,8.3971195,10.115684
893,1.9823179,11.883229
894,5.3643427,11.062557
895,-3.549943,6.503024
896,9.331535,2.1483006
897,10.591239,4.5133786
898,-2.4902139,-3.488698
899,5.656877,13.506481
900,9.328182,3.563304
901,-0.9192358,4.175209
902,9.04922,-3.705205
903,3.8626251,14.222036
904,-5.0816336,4.593167
905,-0.96631247,9.536498
906,5.837632,6.7681165
907,6.1358833,6.444821
908,10.02999,2.7144132
909,5.089986,6.970689
910,10.50426,-0.50588995
911,3.2082713,5.713626
912,6.2511177,-0.765228
913,-2.25303,-2.4656758
914,5.7653184,6.593381
915,10.709792,1.838299
916,6.032252,0.053420328
917,-2.3034358,-2.6192439
918,-4.452361,6.669219
919,7.011716,5.5085616
920,3.582405,10.100258
921,10.256404,3.7286177
922,8.732773,1.3894186
923,6.295427,5.444615
924,7.895001,6.1276326
925,8.928401,4.0599675
926,7.901623,8.032212
927,4.417974,5.971553
928,8.1758795,3.8809745
929,-3.134454,5.937215
930,-4.539025,6.8503513
931,-1.9786628,-1.175772
932,9.458263,0.98373
933,6.395876,11.273765
934,6.484799,-5.858673
935,-2.6140924,3.317036
936,6.4266253,4.283205
937,1.6950611,12.977878
938,4.724153,7.1162314
939,3.8695512,13.178216
940,5.108658,7.2872424
941,4.3148046,7.133095
942,8.010943,8.442863
943,-0.67155874,6.073878
944,5.3914638,8.759222
945,11.603602,0.8729921
946,-3.3273766,0.08437328
947,4.3962965,8.558407
948,9.081147,-4.695764
949,0.17010795,6.612856
950,-3.4039137,4.834913
951,5.9000735,10.98818
952,1.8214738,10.112615
953,-2.587239,0.023057092
954,-1.9360538,-1.0772157
955,5.5716853,10.349138
956,9.615321,0.315242
957,-4.516613,6.6676536
958,2.3839648,13.314519
959,6.2047086,4.5061307
960,11.49913,2.7545257
961,4.6263065,10.201659
962,10.119002,1.1386746
963,3.8212473,4.936998
964,-4.377621,4.7207656
965,2.6867034,3.2095969
966,8.967272,0.91816974
967,5.7177587,8.432142
968,6.180382,11.069563
969,7.04408,-2.8780403
970,0.10056202,5.5632725
971,-1.8950218,1.6152538
972,7.992115,6.785075
973,10.2800865,3.271461
974,9.040108,0.11856744
975,4.9931035,5.899241
976,11.545484,3.2709887
977,6.821557,-1.2416328
978,-2.0071874,-0.61623776
979,1.4966735,6.271917
980,4.086046,12.185031
981,4.4858303,12.861867
982,1.7112893,12.955814
983,2.8300378,9.353716
984,8.016946,9.945275
985,-4.745,3.807674
986,7.7332077,0.1748141
987,-0.91422355,7.2274604
988,7.661613,-4.980629
989,6.2872963,8.796388
990,0.011827489,9.487507
991,5.59613,8.876827
992,-0.09788757,9.427191
993,8.156034,-2.7102654
994,4.332757,5.4859486
995,-2.3520343,0.89118093
996,-3.258684,-3.870542
997,9.591941,-0.96368486
998,7.44511,4.458863
999,1.6189255,5.0119367
1000,6.2412987,3.2993884
1001,7.2898297,3.6859448
1002,3.1700218,14.1222925
1003,-4.053633,-4.3994403
1004,-0.9709357,2.2380948
1005,-5.419862,5.4787407
1006,-4.780204,3.9621735
1007,10.262965,2.3369834
1008,1.1766598,2.7256103
1009,7.8451347,-0.57565004
1010,5.000375,4.854711
1011,-0.32616547,8.5551405
1012,8.171051,6.7731185
1013,7.6360345,-1.2896713
1014,-4.201703,-4.6631646
1015,3.0651746,5.54717
1016,7.829077,-7.5395384
1017,0.1586943,2.9190922
1018,7.262549,-6.7804637
1019,-4.776311,4.6696434
1020,5.88344,8.122965
1021,3.0584567,14.502198
1022,1.5639391,6.7977943
1023,-1.426157,9.087313
1024,8.413061,9.747596
1025,-2.0170257,0.8326959
1026,2.5286627,12.105091
1027,-0.18873344,5.858374
1028,4.3293333,7.104081
1029,-0.6283625,8.169445
1030,5.451673,6.111273
1031,2.0595012,11.456423
1032,10.267696,4.4361334
1033,10.2709675,2.2428908
1034,5.7677884,8.462951
1035,9.254434,2.7504938
1036,2.5535932,14.444845
1037,-1.7201314,9.035419
1038,4.7286077,11.547
1039,-0.34627703,5.8843455
1040,5.555674,4.326599
1041,5.915162,6.2323813
1042,11.363238,1.3420941
1043,-5.8019886,5.947774
1044,6.270576,8.406048
1045,4.381108,11.752138
1046,-3.8629234,-4.6799493
1047,8.953329,9.324268
1048,4.8108087,6.36702
1049,6.2620163,-2.1704848
1050,4.4220943,13.4267645
1051,-3.6042776,4.9736285
1052,5.9051356,-1.523805
1053,6.546264,-5.58253
1054,8.0299425,-2.3858752
1055,9.018176,-0.071709305
1056,7.0669355,-0.3339994
1057,7.025366,4.9161043
1058,5.638754,7.2579474
1059,-4.6033974,5.079196
1060,3.6544113,11.481049
1061,8.971175,-4.8681417
1062,-0.32882357,3.8227036
1063,8.885006,2.9592578
1064,2.3297784,12.261759
1065,-3.234439,5.2716656
1066,-4.0116053,-3.6002998
1067,-2.299586,9.008487
1068,8.826834,-3.9581177
1069,-4.897018,5.038101
1070,-2.7121482,-0.19801985
1071,6.521281,9.937832
1072,6.8656087,-6.058329
1073,6.63053,-6.5831366
1074,3.3408182,6.190773
1075,5.9311743,-4.401389
1076,6.6409864,7.9010816
1077,7.282458,-2.386318
1078,10.8789425,0.49203864
1079,1.5273532,6.616047
1080,5.7154765,8.53568
1081,1.6403327,5.5312495
1082,5.1609564,13.532718
1083,1.8443589,2.490336
1084,-0.6596863,8.602159
1085,-5.666567,5.6717625
1086,8.10152,-3.249522
1087,5.69211,4.48569
1088,7.647625,-4.034574
1089,5.235206,1.8722209
1090,-1.0114602,2.7558959
1091,8.965788,1.6807488
1092,0.12614049,5.572822
1093,6.751518,-3.217082
1094,4.5843234,14.477739
1095,-0.5246314,5.2112346
1096,5.319094,12.627767
1097,9.884257,1.183878
1098,6.3315883,-1.1432022
1099,-4.24164,7.1123266
1100,-2.9567008,1.9630426
1101,8.098925,-1.7223343
1102,9.770272,3.9656153
1103,0.014640073,4.5969753
1104,-2.7694533,-0.6982945
1105,5.477217,9.427291
1106,0.41745308,8.560463
1107,8.135222,-4.354135
1108,3.3786824,4.955741
1109,-3.8070486,5.125177
1110,-2.058988,2.0853143
1111,7.395607,2.3755956
1112,4.7204514,10.62979
1113,6.7899017,-2.8724284
1114,7.579776,-0.9658049
1115,9.121305,-0.23540905
1116,5.129474,9.360683
1117,3.1174557,13.818995
1118,-2.8600197,4.5756125
1119,5.6143756,12.6238985
1120,7.8785043,-4.459457
1121,1.0813032,6.013249
1122,7.6855426,4.2802424
1123,-2.1619446,5.996875
1124,8.278398,-0.6502629
1125,2.0042973,7.2977066
1126,5.7567935,-1.9691949
1127,-5.1323833,4.5300107
1128,-4.472337,5.912653
1129,6.3462305,7.246073
1130,2.7208278,7.9948044
1131,5.966144,10.544877
1132,5.443129,8.748498
1133,6.589784,-5.8217993
1134,-2.854534,-4.1622543
1135,-4.8018827,5.322344
1136,4.75495,4.2027545
1137,0.051214255,8.630766
1138,7.0007424,8.595102
1139,5.379502,5.940452
1140,8.809952,7.5166717
1141,5.7935247,9.1435175
1142,-4.325318,5.583681
1143,-3.023434,-4.2239323
1144,6.2518735,9.185809
1145,3.693851,12.788471
1146,-3.636699,4.158574
1147,4.59433,8.126204
1148,0.017388098,9.949229
1149,6.3929243,5.8122954
1150,5.517518,5.0322595
1151,6.143407,2.4488618
1152,11.101526,0.34903628
1153,4.7277727,8.045479
1154,5.2048707,5.2271442
1155,10.436683,4.7904773
1156,3.4301863,14.311427
1157,5.1758404,4.83516
1158,6.6353374,9.947935
1159,11.447048,2.746789
1160,0.06506094,9.080152
1161,7.711431,-1.3793395
1162,-0.5414867,9.361072
1163,5.672713,9.914181
1164,6.346432,4.0423436
1165,5.317771,9.70625
1166,-3.2093525,5.1561694
1167,8.778301,3.319776
1168,7.9978905,3.29034
1169,6.441956,9.275332
1170,-0.9487968,0.79290414
1171,-3.92292,5.433759
1172,8.672608,-3.1696496
1173,1.0687773,9.972291
1174,6.9434423,-1.7078886
1175,10.404175,1.3715665
1176,3.8134038,3.9188178
1177,5.450426,8.201587
1178,7.1729655,-1.2965491
1179,-3.9297383,2.7264671
1180,3.160959,8.014836
1181,5.266753,14.124266
1182,5.866844,9.765057
1183,8.083408,0.68469036
1184,-4.586921,5.827215
1185,8.11831,0.7302322
1186,-5.0560412,5.0153313
1187,-0.85545146,8.841753
1188,-0.74879575,7.7293944
1189,6.9307942,-0.24119887
1190,7.255103,10.57937
1191,7.660769,-6.972608
1192,2.507907,13.865887
1193,2.404802,7.678767
1194,9.250245,3.7822304
1195,7.7081785,8.75191
1196,3.9977787,8.066604
1197,-5.25125,4.713537
1198,1.1349617,9.629826
1199,5.4894204,6.2776456
1200,1.4245709,2.8462737
1201,-3.4674146,1.1992704
1202,-2.4602132,0.28365132
1203,0.4922509,7.264137
1204,8.024546,-5.0506153
1205,5.0280404,5.7734566
1206,3.6396294,3.9838011
1207,-0.122238934,9.803563
1208,11.189981,4.035594
1209,3.5814419,7.311553
1210,6.9828014,-2.2481637
1211,-2.0006576,5.2150335
1212,4.576475,14.065924
1213,-0.37874305,3.465263
1214,-4.0139747,-3.8331761
1215,7.7592506,10.666931
1216,6.4295063,-3.8610003
1217,7.970107,9.927071
1218,6.7377815,5.626036
1219,4.350014,6.3743744
1220,0.069820456,5.7255964
1221,-2.5010974,-1.9915725
1222,2.859701,13.24871
1223,4.362347,9.708996
1224,5.9288445,-0.06909519
1225,9.701008,4.665928
1226,1.0768775,2.881027
1227,7.8618684,2.7654011
1228,6.5951447,-5.268533
1229,7.5218716,-6.122675
1230,3.7589462,11.376066
1231,-3.6748888,3.9448962
1232,5.900549,13.336254
1233,5.5477304,3.633519
1234,1.7694975,13.557986
1235,9.918922,0.49660894
1236,-3.6019588,1.5023842
1237,-3.6280003,5.5514703
1238,1.9703828,12.376636
1239,-2.890548,-0.68328625
1240,6.780582,0.7331209
1241,2.6307495,12.138958
1242,-2.5399039,7.921585
1243,3.9466686,5.131219
1244,5.025727,7.752072
1245,4.663382,5.7616043
1246,2.4982412,3.083193
1247,5.0389957,13.629606
1248,12.413576,1.3734837
1249,1.0990316,6.705864
1250,7.2110615,9.163603
1251,3.3905313,8.460734
1252,7.3376637,5.821165
1253,4.415499,14.248369
1254,-2.0639179,7.7259536
1255,-0.008559773,4.9130745
1256,7.631072,-5.3537264
1257,-1.2341275,8.156217
1258,0.39265704,6.078663
1259,6.8877993,-3.620518
1260,1.5427969,3.6839728
1261,11.727811,3.232971
1262,5.243149,3.7994118
1263,7.115361,7.075055
1264,-2.2618265,8.591032
1265,7.422822,0.227934
1266,1.6909244,13.090623
1267,-3.478597,5.6962204
1268,5.4989524,13.324729
1269,6.7498765,-3.6399405
1270,11.553677,1.5748724
1271,5.8219175,0.34831762
1272,2.3511455,2.6463346
1273,2.7393494,11.29672
1274,1.9877903,7.52081
1275,10.768496,-0.098321974
1276,-2.3592002,3.4917614
1277,8.097412,-5.607651
1278,4.8411345,4.598382
1279,1.9440118,10.455887
1280,-2.8763936,8.335322
1281,7.1686716,0.055565458
1282,7.6580873,10.63118
1283,9.557621,-0.46984544
1284,3.411831,9.320309
1285,12.428741,0.15738934
1286,1.0170975,2.421806
1287,9.639262,-1.270212
1288,12.491171,1.1934326
1289,-2.777849,0.9976315
1290,10.06827,4.9337215
1291,4.086957,7.455403
1292,5.8931894,4.298664
1293,7.6747284,6.7770185
1294,0.2375073,9.084604
1295,7.437218,9.552159
1296,-2.7324693,1.7716087
1297,-2.0373123,1.543855
1298,2.5116653,10.452938
1299,-2.4319453,9.102231
1300,4.9873424,7.8527975
1301,3.9258602,7.720445
1302,0.91830814,6.4327507
1303,-2.35941,3.1814492
1304,-4.9346194,6.638398
1305,-3.3378336,-3.3617692
1306,3.674823,8.200539
1307,5.996001,10.193873
1308,12.373855,1.8897542
1309,-5.4452353,5.4792895
1310,-2.1818113,-1.8002999
1311,10.820298,0.10772131
1312,1.7264386,3.2513635
1313,-2.2055542,0.7034449
1314,-2.7014468,-3.8447688
1315,7.919743,-4.503256
1316,11.633751,-0.06864425
1317,6.5080667,1.3443656
1318,3.8870523,6.3832426
1319,7.2219114,-5.544908
1320,8.073308,9.306205
1321,1.3100121,9.894366
1322,6.8123507,-0.9546725
1323,8.093037,0.44283858
1324,5.020252,9.746533
1325,-0.95949835,1.3188685
1326,9.540135,1.0958256
1327,-1.4681787,4.4049506
1328,-3.937079,3.9988782
1329,9.9339905,-0.19318053
1330,8.662897,9.069594
1331,-4.1808996,7.0672255
1332,-2.6863544,8.543654
1333,11.610051,3.4148238
1334,5.7951436,9.38945
1335,-3.7432184,3.9145992
1336,-1.7367378,8.358364
1337,11.3600445,3.6667547
1338,2.0678222,5.913126
1339,6.456983,-3.3865125
1340,4.382184,5.4645524
1341,9.134105,-1.0428299
1342,-3.3395915,6.678689
1343,3.4999094,5.8240705
1344,-3.1690664,1.3913344
1345,7.126612,10.102248
1346,-5.2782903,6.2394776
1347,11.702008,1.5284202
1348,6.7378335,1.7285358
1349,-5.1003017,5.2189217
1350,-2.399579,0.11321195
1351,-3.0448654,-1.6400379
1352,7.169729,-2.0708578
1353,-2.975178,0.093537785
1354,7.8682594,-1.875149
1355,8.696385,3.2880294
1356,-2.7501566,5.664582
1357,6.377575,9.962401
1358,6.9049306,-3.6978142
1359,-3.5036738,-4.4110994
1360,5.990138,2.6342041
1361,7.600819,6.6313763
1362,-0.5307311,7.871013
1363,-5.464374,5.9154
1364,2.8630455,11.166554
1365,5.8686213,-1.1829762
1366,1.6876502,13.426373
1367,10.537039,0.96949226
1368,6.1335588,9.414962
1369,-0.19006552,5.5292726
1370,9.36553,1.0549686
1371,6.245447,2.779567
1372,-3.076066,-4.6915474
1373,1.6611108,3.3203044
1374,-1.4560106,7.80769
1375,-4.728116,5.0782795
1376,2.1978781,3.9270747
1377,7.6659193,7.8610764
1378,8.994085,3.1228046
1379,0.8986465,9.966617
1380,-3.8749661,5.2691
1381,7.667393,-7.3235545
1382,-3.409807,-4.941843
1383,-2.0929852,-2.2702093
1384,-2.4529421,5.5043607
1385,6.8186,-5.2774277
1386,-1.0241249,7.127467
1387,8.558808,1.5247467
1388,5.672373,10.921772
1389,9.609147,2.7927558
1390,7.2940335,4.9134088
1391,-2.9907947,5.338433
1392,7.9854608,5.624624
1393,-0.32456225,3.3013065
1394,11.26357,2.8117445
1395,-2.2334495,9.241173
1396,7.1435275,5.524657
1397,7.5346246,8.117151
1398,4.241239,13.780648
1399,9.229402,-3.7695498
1400,6.415623,8.144686
1401,3.7769437,6.1902056
1402,1.1641036,2.6796985
1403,8.692727,-2.1964662
1404,7.429525,-4.247686
1405,11.991515,0.6735534
1406,5.3754473,3.6079888
1407,3.964612,5.9475455
1408,5.746956,10.0416565
1409,-0.7529192,0.9858389
1410,5.9134836,7.413812
1411,-1.615021,1.4423769
1412,0.731107,9.865416
1413,0.20528631,8.265053
1414,-2.17729,0.49143422
1415,9.778762,0.008490953
1416,-4.856646,6.743258
1417,2.9556258,4.9287224
1418,9.981082,5.045399
1419,3.8086922,6.584682
1420,8.738412,-3.7577457
1421,0.9473385,9.657584
1422,5.9286594,6.2466793
1423,6.985765,-1.9628607
1424,-1.684972,2.236358
1425,-0.18161008,6.45103
1426,1.180282,6.915069
1427,8.574489,1.0160482
1428,0.18316339,8.207429
1429,4.4145904,6.9165044
1430,7.507252,4.022767
1431,-0.23425317,9.973796
1432,6.6681705,-4.1853986
1433,5.4002504,3.2087948
1434,3.9180226,4.128103
1435,0.25395215,9.93121
1436,1.5356973,2.4602141
1437,5.8119125,13.209098
1438,7.484098,7.134293
1439,12.356901,0.39974836
1440,11.917718,1.1286863
1441,-3.1469946,1.4697703
1442,3.7235827,8.898297
1443,10.542059,3.215759
1444,11.273728,0.21555391
1445,3.6952734,10.928052
1446,6.8596883,-0.1548004
1447,2.8350265,7.1779046
1448,5.540384,9.252129
1449,7.71662,7.2172174
1450,5.9573064,12.783276
1451,-2.4944537,8.877159
1452,9.905901,0.22127876
1453,0.24008836,9.376752
1454,3.1923375,11.621642
1455,-0.70426065,7.0704026
1456,2.1065838,7.8257346
1457,1.2042251,5.719941
1458,3.390408,10.841403
1459,-2.963578,-4.7187467
1460,-0.82209605,7.4352055
1461,8.275698,-1.5303993
1462,5.4809165,10.314605
1463,2.1632528,3.3858242
1464,7.358926,6.5057344
1465,8.245666,10.41503
1466,8.7619505,3.2865827
1467,-5.0600867,6.804518
1468,7.1791196,-0.92520785
1469,2.6402617,11.802829
1470,8.096843,-1.440124
1471,6.8338065,-0.04626591
1472,-2.948004,0.86220676
1473,6.29218,-4.1152625
1474,6.386992,9.135067
1475,6.565705,3.7536829
1476,6.942873,-2.2071915
1477,5.956819,2.1726074
1478,1.3095284,10.480229
1479,-2.1471317,-1.787029
1480,3.195391,11.755416
1481,10.645343,3.0055828
1482,7.224985,-1.0505124
1483,10.771698,1.3375816
1484,-2.3030431,0.16779336
1485,9.412528,2.1637895
1486,4.306697,11.796178
1487,2.760094,12.4424715
1488,-2.53482,-3.0649304
1489,-3.1809757,-2.5357542
1490,5.5756197,4.751859
1491,4.492546,4.547345
1492,-2.6509995,5.601881
1493,-2.2419572,7.7272015
1494,-2.0203686,8.015828
1495,6.78587,8.518538
1496,9.168974,-0.33646932
1497,-2.4320397,0.061024472
1498,11.894096,0.07795924
1499,12.631604,0.37888944
1500,2.6700063,5.7614994
1501,6.185441,3.0270398
1502,-4.7199054,4.5579267
1503,8.945788,-3.49214
1504,7.907573,8.067632
1505,8.402091,7.766705
1506,2.3243828,10.815464
1507,3.4800618,6.0727544
1508,10.304837,0.18029854
1509,6.0922403,-0.66398585
1510,0.08238857,9.424748
1511,8.52978,-4.321049
1512,-1.287185,9.195373
1513,-5.301587,6.7161956
1514,8.205106,8.267719
1515,-3.5514975,-4.67376
1516,7.503323,8.135901
1517,9.400099,-0.39863256
1518,12.116706,2.1513894
1519,10.767566,2.0294728
1520,2.4850202,12.945651
1521,-1.8171978,-0.90506446
1522,8.129689,6.846976
1523,6.7059693,-1.6987952
1524,6.8644524,8.332586
1525,2.9439201,7.1739855
1526,5.9287624,8.197959
1527,7.419446,3.5608156
1528,-1.1509426,4.1458673
1529,-4.256298,5.11763
1530,3.0177307,4.6395636
1531,1.6387482,9.657266
1532,10.958361,1.4154369
1533,6.6309314,10.1867075
1534,7.233421,-0.42910656
1535,11.626061,2.8079338
1536,4.583944,5.4026256
1537,3.2650094,13.916294
1538,-0.015327887,7.264385
1539,5.853634,2.6585374
1540,9.278349,2.1203625
1541,2.8517742,8.195169
1542,6.1081324,7.314142
1543,6.05614,3.9554713
1544,8.233458,4.8210998
1545,10.024516,3.4332678
1546,5.384089,2.9610212
1547,9.329657,1.6786247
1548,5.0472555,9.864618
1549,7.3139615,0.4070212
1550,0.13210234,3.2855139
1551,8.0591955,7.390675
1552,6.414963,4.246145
1553,0.63301814,3.0440361
1554,10.005494,1.9074278
1555,9.752391,1.575692
1556,4.7378817,14.468187
1557,6.256732,2.872456
1558,9.043578,0.5577531
1559,9.648506,0.33051252
1560,11.361174,-0.12304587
1561,1.7158663,12.27317
1562,10.974874,0.5711326
1563,6.326262,1.4604105
1564,6.489436,0.7902887
1565,5.526586,1.529562
1566,-3.6039732,-3.5451868
1567,-4.1934457,-4.6371546
1568,8.306743,-2.7961166
1569,4.710849,5.9139433
1570,11.222748,3.3341105
1571,-0.21968864,9.198081
1572,0.67855114,9.701305
1573,-4.1009803,4.859787
1574,3.1999881,7.881198
1575,1.1561666,5.737815
1576,4.2658477,5.0507936
1577,3.8446374,5.3262544
1578,-3.7786236,3.5579824
1579,-0.20259045,8.178256
1580,8.10418,-4.5533214
1581,1.2647667,5.994004
1582,-4.403445,5.205454
1583,-1.8871148,9.438527
1584,8.5306015,4.7431827
1585,-2.6388779,8.413839
1586,-3.822487,-4.0158634
1587,-2.1705108,8.382015
1588,6.150755,6.2566857
1589,8.152977,8.040154
1590,4.7787843,13.982205
1591,2.8267293,8.5793495
1592,5.8758287,3.5762084
1593,1.194585,5.6628366
1594,-3.079225,3.2705092
1595,-3.24024,0.973326
1596,1.2884225,2.9157934
1597,7.9195514,-5.750754
1598,7.525442,-1.9725657
1599,-2.713124,-0.60808086
1600,7.5066986,4.9943776
1601,7.8953695,-6.255743
1602,1.6093379,10.794033
1603,-1.2377825,5.053464
1604,5.5974436,3.1721087
1605,3.340832,6.4154
1606,-1.8511502,8.258018
1607,7.127183,-2.659218
1608,5.350581,2.0169888
1609,6.3719215,11.863444
1610,6.1670794,5.140556
1611,6.809041,-3.6926389
1612,7.446477,5.0699315
1613,3.006743,12.224432
1614,-0.96332335,1.5533074
1615,10.077944,2.074913
1616,7.9425197,3.5128162
1617,2.0233805,12.089331
1618,-3.1938713,5.5508776
1619,8.938834,3.4584658
1620,3.1807468,14.561564
1621,7.1808543,5.363628
1622,2.9178917,5.126315
1623,7.909337,-2.2705908
1624,0.54088783,7.572224
1625,7.1819706,-7.192712
1626,0.77366203,5.302037
1627,6.0139213,-4.994722
1628,5.5458508,2.006971
1629,10.275789,4.567072
1630,11.131087,-0.42962816
1631,2.995913,3.9202106
1632,7.6056128,-2.4444804
1633,8.195644,6.960925
1634,11.608921,2.1816506
1635,6.54666,3.8947704
1636,10.847324,1.3226715
1637,1.4582607,3.2833474
1638,-2.7673175,-3.25841
1639,-0.7044689,8.845832
1640,-2.9553537,-3.5089025
1641,7.609686,1.0139552
1642,5.9858527,10.465042
1643,8.4832735,-5.344015
1644,1.9640146,10.545149
1645,-2.476798,-3.1673467
1646,3.482345,9.594359
1647,12.06803,-0.041249633
1648,9.252013,-3.7414906
1649,-1.8300047,5.0536222
1650,3.1237159,9.124615
1651,-5.060388,3.9306161
1652,4.13703,6.0878263
1653,8.276028,-5.3450556
1654,6.365378,-1.4673814
1655,10.794068,1.7352037
1656,11.4637165,0.5076335
1657,6.30349,2.0864027
1658,6.2637625,-5.5901036
1659,-2.0496862,-0.9925622
1660,4.809586,13.0498705
1661,2.4378407,4.023174
1662,5.1812406,13.287257
1663,6.527726,-0.10359885
1664,6.1512923,11.688682
1665,2.149221,5.6445665
1666,4.165392,5.492007
1667,2.1779282,3.3396928
1668,5.0464516,9.403495
1669,7.250116,-7.484765
1670,7.4493685,5.620421
1671,6.7136164,0.022479527
1672,9.952261,0.9736173
1673,3.4841192,4.991922
1674,8.689098,-0.2590491
1675,6.548636,6.5642877
1676,11.791346,1.7543232
1677,-2.9345095,1.2784113
1678,5.8329496,9.492632
1679,3.7145634,7.4143763
1680,6.8529735,3.0930939
1681,2.3537548,7.624557
1682,-2.8157315,0.88718575
1683,-4.542909,4.431451
1684,1.8990062,10.556974
1685,6.5369315,1.6778667
1686,-2.787473,-2.1148305
1687,6.644341,0.779962
1688,11.78561,0.30058926
1689,6.3659153,8.393356
1690,6.8940353,4.6389794
1691,8.183636,9.300801
1692,1.3350623,10.610008
1693,7.1255016,4.6552997
1694,5.3881574,2.3107622
1695,8.191206,7.589766
1696,6.3693285,-3.280105
1697,0.67732733,2.7883656
1698,8.120132,-6.788767
1699,-5.2543263,6.363247
1700,11.251297,2.2675335
1701,-0.70713127,7.9164467
1702,12.697147,1.4408176
1703,3.236322,14.235675
1704,4.9700093,13.357825
1705,5.389837,2.902732
1706,7.6920104,-2.8599858
1707,8.320886,-0.1524337
1708,7.990446,6.752622
1709,2.6983676,11.166014
1710,8.321902,4.1405187
1711,10.90655,1.9324858
1712,-0.9827568,8.862182
1713,-3.6408195,-3.3024664
1714,9.924738,2.1933641
1715,9.654963,-0.7335977
1716,8.5568495,3.7025285
1717,4.1549335,4.2477164
1718,4.6193757,9.278461
1719,8.801531,9.720796
1720,-3.2153041,0.5964278
1721,0.16594326,8.720149
1722,1.3426038,9.0908785
1723,-1.5504458,1.0459666
1724,2.7163444,7.7843814
1725,2.0263634,7.7094274
1726,-3.3363733,-4.8354597
1727,2.9883294,13.581255
1728,6.533436,-1.8510681
1729,7.3205442,3.7843952
1730,5.583848,6.761946
1731,4.4226465,12.069241
1732,5.585815,4.1554556
1733,8.952999,2.5859342
1734,6.6647124,5.8933454
1735,-1.9933224,3.765305
1736,10.249586,4.6586795
1737,-2.0763462,-0.8217165
1738,-3.4392176,4.680222
1739,7.3985195,0.7901044
1740,8.927769,8.539685
1741,7.8175926,-1.2527466
1742,0.51658714,6.026217
1743,7.247647,10.018994
1744,6.4442034,-5.600145
1745,5.0273623,9.522289
1746,-3.7106326,-2.9495742
1747,-4.4541574,3.5859492
1748,5.135078,11.67137
1749,-5.0600777,6.349596
1750,5.71793,5.1298428
1751,8.7312155,3.7879303
1752,5.0312166,8.839214
1753,2.0437093,12.966047
1754,3.9519367,5.0551734
1755,-5.49953,6.4093184
1756,3.2632203,6.623305
1757,5.0398293,12.229738
1758,7.0189533,1.0733804
1759,6.01377,1.2867382
1760,-5.638287,5.1361294
1761,-0.8058627,1.3921833
1762,1.3958609,5.418195
1763,2.0480464,5.3900666
1764,-0.074165136,3.5175996
1765,5.584121,9.989358
1766,3.3779132,10.2946
1767,6.4759164,9.284468
1768,8.095926,-1.4394159
1769,2.2057307,2.944556
1770,1.9799242,7.1829047
1771,5.6761374,9.005582
1772,1.8472251,2.6383598
1773,9.883229,-0.29844436
1774,6.2637043,3.5534801
1775,-3.4341698,4.704016
1776,7.7703886,-6.4994874
1777,9.929153,-0.86378974
1778,1.6249293,3.0658946
1779,5.289496,13.405685
1780,-3.5224142,4.4925222
1781,0.8851694,8.506609
1782,5.575194,4.469895
1783,6.534722,-2.596574
1784,9.590728,2.676075
1785,6.848877,-6.480574
1786,2.1510477,10.591559
1787,-3.5111647,6.687002
1788,5.045705,13.301205
1789,-2.9665697,0.28422725
1790,6.0591826,12.152342
1791,7.4522223,-3.7578409
1792,7.0247126,0.8631038
1793,9.162572,-2.9546003
1794,0.7537831,6.4152355
1795,-3.2919931,2.6701286
1796,-4.995032,6.0580764
1797,0.7664197,2.9471188
1798,8.416347,-0.9563115
1799,10.562169,1.7822276
1800,3.9253957,13.012526
1801,0.23699506,2.8452408
1802,-2.6857998,1.3314666
1803,1.8539897,3.561603
1804,2.329194,11.7395735
1805,6.933624,-4.8355985
1806,3.2414296,11.633339
1807,-4.5897813,5.7276073
1808,6.1204405,-0.20025757
1809,7.6458507,-0.571627
1810,7.9126716,8.7475395
1811,2.3238275,12.370171
1812,5.563096,7.170596
1813,2.8709931,10.672552
1814,8.937702,-4.696413
1815,-1.3869393,0.9249551
1816,9.271604,-4.2955947
1817,5.912823,11.688249
1818,4.393894,7.950498
1819,4.7865553,6.1600876
1820,0.055949662,3.0888364
1821,10.452316,2.4134912
1822,6.1065273,7.4146886
1823,1.663769,6.4353566
1824,6.3383985,-5.771335
1825,10.891171,2.5445936
1826,-1.4313376,8.318314
1827,6.5012064,11.144074
1828,12.081311,1.0146571
1829,1.8253963,13.896421
1830,-3.5617468,-3.4625437
1831,7.099531,-6.540517
1832,12.067152,2.200963
1833,-2.498465,-2.7916589
1834,4.1953516,13.408519
1835,7.0046043,4.1531906
1836,1.6549809,7.4544044
1837,-3.853122,4.664727
1838,3.2407281,6.9532514
1839,3.100919,4.1205535
1840,-0.6901252,0.9717596
1841,5.4969954,11.691617
1842,-3.5117397,6.6698537
1843,10.693339,0.7896823
1844,7.7162294,-3.0041573
1845,1.4753789,10.037537
1846,1.431354,3.221308
1847,7.230702,0.7888777
1848,4.723525,4.372926
1849,7.2287974,-4.5577745
1850,4.239744,12.801929
1851,6.319531,0.6690833
1852,3.9356368,11.555854
1853,9.503868,2.085118
1854,-1.6724049,9.405133
1855,0.23601271,3.4259512
1856,7.758496,-3.9026914
1857,1.6450049,7.091846
1858,1.6569256,13.197711
1859,3.5215077,6.334228
1860,5.4656787,3.6403565
1861,1.5984508,5.9836245
1862,8.619043,4.3877892
1863,2.6370223,6.1692605
1864,6.4852757,-1.812026
1865,5.5263257,3.7990582
1866,6.5544233,2.4464872
1867,5.1321907,9.164113
1868,8.712273,7.8993406
1869,-2.5114932,3.1828876
1870,-4.1690326,6.9478874
1871,5.888094,2.80361
1872,7.8269854,0.71900946
1873,0.83324355,9.276415
1874,-0.59683853,3.6826117
1875,1.8955498,3.2779415
1876,4.605882,11.711087
1877,3.614863,14.642525
1878,-1.274218,5.7407184
1879,8.6371,4.3101115
1880,-1.8863082,9.303384
1881,11.150815,2.4571404
1882,8.814139,8.445825
1883,7.0557513,-5.9947677
1884,5.4257503,10.630024
1885,1.53179,10.783276
1886,7.7878623,3.8887599
1887,7.2904325,4.268604
1888,-2.4747396,3.1923704
1889,2.5872498,3.1773753
1890,7.7523603,-7.1750774
1891,0.072347775,5.665218
1892,9.271447,-4.1233263
1893,5.282128,4.238141
1894,0.37213284,6.9523325
1895,6.413605,-3.4666502
1896,3.4021533,4.8266597
1897,-3.7210927,4.9998207
1898,7.2192183,5.7700763
1899,3.4825392,14.122206
1900,0.5077205,5.365016
1901,3.2137332,12.044824
1902,-1.5084867,0.012490778
1903,5.0153103,5.305532
1904,4.0605,4.9497013
1905,2.749317,10.164045
1906,7.5249305,10.065825
1907,0.20327495,6.509022
1908,-2.1999507,4.462614
1909,-5.15616,4.6270356
1910,-3.820621,3.6240168
1911,5.7428055,8.422774
1912,3.658096,6.2672405
1913,4.6962585,6.7512774
1914,6.4420304,-2.0667505
1915,4.0536613,10.974475
1916,-0.34573233,6.0578704
1917,7.7467265,3.9440162
1918,4.0318727,5.7960896
1919,6.32553,10.435234
1920,9.590219,1.6179518
1921,-4.444853,6.9759674
1922,6.0504537,0.39351398
1923,-4.9321194,5.2078977
1924,5.3515167,8.205365
1925,5.8786197,9.596267
1926,10.3559065,1.0683827
1927,5.9362826,-3.9317987
1928,3.975926,3.6249487
1929,-2.2091694,0.68132144
1930,7.815203,10.042609
1931,2.8262117,8.070406
1932,2.9566348,10.440038
1933,5.6523333,0.70868945
1934,7.2489457,10.1289425
1935,5.9671626,0.49542195
1936,-0.87191445,7.418
1937,-3.1070042,3.7845025
1938,2.7035985,13.877871
1939,6.2639565,11.476814
1940,8.023684,-0.9656287
1941,-4.4116583,4.326818
1942,5.9884953,4.581763
1943,-2.6353028,0.72276634
1944,-3.1311102,3.0669358
1945,5.7668257,9.00593
1946,-2.5799541,1.5618215
1947,-1.2701526,9.551956
1948,5.1481996,4.3690343
1949,-4.6472564,5.6473103
1950,5.968,8.986115
1951,-2.762289,4.6854615
1952,-2.4464753,1.8035343
1953,4.286146,6.279671
1954,9.166877,-1.043114
1955,7.241359,-7.561939
1956,3.6416214,12.39287
1957,4.7321234,9.558616
1958,1.6757629,10.092094
1959,4.098643,13.953111
1960,6.4454684,0.8910365
1961,7.0419416,6.992171
1962,2.6489794,9.1950865
1963,2.6244688,3.1458366
1964,4.7189965,13.778236
1965,1.3648939,10.235614
1966,-2.655636,8.901502
1967,-2.7149284,-4.229023
1968,6.045734,-4.152415
1969,8.037067,-0.42968595
1970,6.023286,5.4353566
1971,8.430111,6.832745
1972,-5.4218235,5.8032646
1973,4.429323,11.864971
1974,-1.0258582,0.9572943
1975,5.3514156,12.825445
1976,-0.05579526,7.483163
1977,4.0167046,6.9533825
1978,7.1362915,6.617901
1979,7.9169087,5.9884014
1980,6.136697,-2.2348905
1981,9.041452,3.330298
1982,11.132227,2.9419744
1983,6.1327095,-5.310748
1984,-1.4645791,8.631852
1985,1.685356,5.8452034
1986,9.12814,-3.1301675
1987,-3.4777737,-3.6895018
1988,-1.0164936,8.878516
1989,-0.6146816,9.028905
1990,-0.9441572,6.828863
1991,-2.9896252,-4.878408
1992,-1.2147459,6.9271297
1993,-3.9114351,5.549829
1994,8.920741,-0.23679084
1995,5.2523055,13.705223
1996,6.2319756,6.283232
1997,10.062609,0.09550003
1998,11.225986,3.6713476
1999,6.048649,8.964392
2000,1.1928279,5.4684067
2001,6.5236073,8.604422
2002,-2.7602396,-4.450402
2003,10.787613,1.3218577
2004,-4.6261797,3.5608852
2005,6.8513994,-5.6182942
2006,8.231753,4.675837
2007,6.153492,4.132891
2008,6.3808875,9.974773
2009,6.985414,11.076786
2010,4.627774,4.970571
2011,3.8368979,12.602081
2012,7.603987,1.0939308
2013,10.142841,3.5947328
2014,3.9161384,3.7686245
2015,-2.2952945,0.21562496
2016,7.7202663,-7.2816725
2017,2.6461027,3.7055078
2018,6.024444,8.759558
2019,10.2207775,1.465302
2020,9.640238,1.3789704
2021,6.503264,-4.6084986
2022,7.8186517,10.100797
2023,6.509165,4.969619
2024,-1.6907271,-0.1881141
2025,4.2439556,6.9827724
2026,8.726946,-2.5393567
2027,6.957966,9.73816
2028,9.186567,1.5149252
2029,6.965643,8.46481
2030,2.2502785,13.809053
2031,5.868686,-2.2347777
2032,7.4683695,6.7274594
2033,6.1258955,-2.958019
2034,8.344449,8.61251
2035,-0.65237284,3.7063985
2036,10.039269,2.9962978
2037,-0.97937745,6.904862
2038,8.288133,-0.7606748
2039,-4.02645,-4.3383145
2040,5.1877403,8.977095
2041,7.1783757,-1.8225863
2042,2.2124462,13.290408
2043,-2.6771064,9.202231
2044,2.432473,14.083713
2045,4.79362,4.4123435
2046,1.9120572,4.988348
2047,2.7022943,8.31249
2048,2.1189303,13.762805
2049,0.6257599,4.9932947
2050,-1.5614319,3.520121
2051,-2.7807486,5.467997
2052,0.0036646007,8.439171
2053,1.663593,12.541871
2054,9.761107,4.0003567
2055,1.0673743,5.4226155
2056,2.590787,13.434752
2057,9.442505,1.9317791
2058,5.254097,2.5717309
2059,-2.1463325,5.3543634
2060,0.34273207,5.106477
2061,-5.4679503,5.6574416
2062,7.3275247,1.1964922
2063,-1.0541097,7.4169054
2064,3.0832891,6.561682
2065,-0.5781735,4.042107
2066,2.921834,12.246233
2067,-2.5759668,-3.7596235
2068,5.359916,9.849025
2069,4.5467815,4.151587
2070,0.42405647,9.090134
2071,8.008414,-1.1617733
2072,2.2307343,4.8743477
2073,5.699517,0.9206622
2074,3.9952242,12.473777
2075,0.017527683,5.5905647
2076,-5.380492,5.7162848
2077,7.183915,-7.1379323
2078,-2.5756543,-2.7625823
2079,3.8472803,5.259959
2080,6.3072324,-4.562916
2081,1.7048814,8.935643
2082,6.6026816,4.56433
2083,-0.60744995,9.390796
2084,0.26766458,9.963185
2085,-4.8908896,6.562173
2086,9.669696,0.7263373
2087,0.25088584,7.4607606
2088,7.149149,3.9485855
2089,6.4432592,-2.1014655
2090,4.2929444,6.492748
2091,1.8555449,7.4702497
2092,3.784396,5.756359
2093,9.379718,0.3137959
2094,2.3725176,3.654059
2095,8.597337,-3.8623989
2096,-2.222485,1.5851225
2097,7.40696,-6.8255324
2098,8.43181,9.719116
2099,-2.7403746,-2.3053293
2100,6.9387994,-5.692225
2101,2.1527717,12.87872
2102,5.8388796,9.646781
2103,-2.65892,8.521036
2104,1.7349242,12.148582
2105,8.634558,-1.9883292
2106,6.909327,4.359326
2107,-3.3100789,2.6048074
2108,4.8973746,11.711819
2109,-4.613748,6.9430532
2110,6.2505455,5.6202774
2111,8.711907,-3.9648554
2112,5.001468,13.132745
2113,5.814727,4.3331704
2114,8.525647,-4.5897136
2115,9.073622,-3.5455546
2116,5.051182,5.4614797
2117,7.4994493,-7.5937505
2118,-3.775803,6.46271
2119,3.9204059,11.486555
2120,2.478713,7.139725
2121,9.510084,2.6980374
2122,9.122226,-3.5920177
2123,8.883245,2.8247848
2124,4.4117093,13.686068
2125,8.999663,-4.335572
2126,3.6274238,5.4400387
2127,-2.189633,1.2171533
2128,1.828753,7.3798065
2129,-4.588362,5.2579174
2130,8.57909,-2.7857602
2131,5.580273,7.9682136
2132,-3.5556216,-3.0294929
2133,6.2171516,5.4495378
2134,-2.013791,0.67074406
2135,3.7570765,5.0404515
2136,10.692548,1.8098707
2137,6.4889164,-0.053947657
2138,11.8354645,-0.29204932
2139,10.324588,1.2102361
2140,3.5206668,8.817177
2141,3.5918179,11.832001
2142,5.482046,10.426157
2143,8.888083,-2.1951425
2144,2.5086064,5.8631573
2145,2.7221282,9.874767
2146,4.8756237,6.0759034
2147,2.6313713,7.24771
2148,-3.6854289,3.7874076
2149,-0.14146684,9.030551
2150,5.149564,10.357783
2151,4.1602235,6.1626863
2152,7.704463,-2.5687745
2153,3.9588168,5.7296357
2154,2.2382467,7.3273087
2155,7.9966264,4.519472
2156,5.5462785,1.189036
2157,4.5435696,3.5864406
2158,4.166665,8.529885
2159,5.0663133,14.164541
2160,-3.2744646,3.9303975
2161,5.9617343,3.133157
2162,0.575739,6.38645
2163,3.1644385,8.471951
2164,3.9029222,13.69394
2165,0.8225932,7.1622405
2166,7.001055,-3.1457274
2167,6.9941916,-2.1736925
2168,3.892425,6.753071
2169,4.100259,12.439295
2170,0.602383,9.6745205
2171,4.1619034,14.1466055
2172,3.452174,12.536997
2173,10.276371,2.9977522
2174,-4.851403,5.399398
2175,0.2729468,6.6584134
2176,4.2957172,4.08248
2177,-4.0975475,-4.3384585
2178,11.304733,1.8421756
2179,3.4070506,8.546771
2180,0.11339591,5.4841084
2181,9.173911,8.835205
2182,5.206312,12.465076
2183,7.2755055,-6.4629874
2184,-3.877315,2.8453326
2185,3.4955401,8.47661
2186,9.668545,4.832401
2187,6.017482,8.167602
2188,7.3292947,6.1347256
2189,8.078083,-6.159806
2190,7.1118064,0.26502612
2191,8.566283,4.764706
2192,-2.7547228,8.856153
2193,2.308792,6.2080607
2194,6.746448,8.793147
2195,10.148057,-0.724978
2196,4.4802327,6.914347
2197,3.1388283,5.6523724
2198,-5.0263944,4.233946
2199,6.102086,0.6581089
2200,2.1634715,8.76013
2201,10.74122,2.993724
2202,-3.5913932,3.2258754
2203,-3.6208007,-4.7798195
2204,5.3195176,3.4592154
2205,-3.078285,-4.9335647
2206,3.0923667,8.213539
2207,11.421868,1.0787612
2208,6.2337093,-5.0017967
2209,8.421657,3.6110501
2210,3.0145688,8.085433
2211,-3.5627112,3.5386612
2212,5.570507,5.868442
2213,11.020295,1.7617779
2214,6.497687,-4.3708286
2215,-3.7753968,3.1787508
2216,5.8237524,5.179262
2217,-3.0847232,-3.237715
2218,-2.7513075,-4.48168
2219,8.313728,9.130595
2220,5.719049,7.3059397
2221,6.4527707,-0.65259796
2222,5.673376,6.223243
2223,8.368427,-4.204814
2224,7.312054,-2.563448
2225,7.16201,-4.5468764
2226,1.6349771,12.969542
2227,7.852905,10.447597
2228,8.100891,9.095873
2229,12.230424,0.25606585
2230,1.7337551,13.565186
2231,7.3494263,-2.9911482
2232,-1.4020026,3.9922674
2233,-4.9461055,6.4980807
2234,5.5739193,6.0270214
2235,-1.7714181,4.615316
2236,-3.6560571,5.1237116
2237,-1.7177919,-0.40641302
2238,7.538747,4.006449
2239,4.212933,6.524408
2240,-1.3396481,1.3831867
2241,4.7764497,10.59324
2242,11.687396,3.2326536
2243,0.2885176,3.240314
2244,0.79229313,9.738983
2245,8.410078,7.0799417
2246,12.287295,0.5803322
2247,10.784672,2.515607
2248,7.011728,4.643049
2249,6.571661,3.251197
2250,1.5383332,3.8733299
2251,4.639903,7.9350486
2252,-4.805402,5.763187
2253,11.384035,1.5911491
2254,9.436648,4.792537
2255,2.5551536,8.728526
2256,6.686824,-5.972462
2257,9.0689945,9.137427
2258,-3.4343998,4.1883106
2259,6.2357016,4.65665
2260,9.366425,3.0918422
2261,6.9170036,7.662892
2262,11.67163,0.31950906
2263,6.3219604,-5.0975804
2264,6.2280927,9.991453
2265,-3.1667576,4.943327
2266,-3.8063731,-3.9609096
2267,-0.61314386,5.028892
2268,6.7627916,5.167511
2269,-1.9791789,3.289858
2270,10.767857,2.4717348
2271,-0.8895522,9.889541
2272,-3.8367984,-3.9337225
2273,5.0171165,10.8022375
2274,-2.2079632,1.9758976
2275,-0.039338566,9.575334
2276,7.9006596,7.2389617
2277,3.2392805,11.785968
2278,4.5912976,9.033514
2279,-1.0079026,9.298524
2280,5.0363965,5.697073
2281,7.597619,8.040526
2282,-3.825911,-3.420345
2283,3.5546377,12.414267
2284,6.372877,-5.6057878
2285,4.149373,13.420263
2286,6.3176527,9.007161
2287,10.993247,3.7530882
2288,8.006179,9.068726
2289,4.7399592,13.868541
2290,6.1140924,8.6264925
2291,6.289869,7.7444324
2292,-2.3637776,6.449138
2293,8.005111,9.730954
2294,7.7156487,0.009009869
2295,8.017533,10.226211
2296,6.2672544,10.971354
2297,9.627425,3.1004272
2298,-3.554564,5.161157
2299,-2.699176,0.8264978
2300,4.1546335,5.852484
2301,-4.895879,3.8370745
2302,8.071314,7.4912724
2303,5.3628774,11.289465
2304,6.7763567,5.31031
2305,5.9744353,7.249185
2306,0.7103533,3.3000984
2307,11.678262,2.55504
2308,-4.487854,4.278222
2309,6.9271936,1.1384385
2310,4.363129,3.618506
2311,7.4628596,0.47574463
2312,2.0633087,14.034122
2313,7.982551,-7.152235
2314,-3.155762,-0.5848089
2315,3.67333,7.8229284
2316,-2.437817,-4.4498253
2317,8.034755,10.15697
2318,-0.85981816,9.04764
2319,5.5074725,1.0856977
2320,12.141296,0.048822597
2321,2.3784435,3.5150793
2322,-5.4002595,4.1921124
2323,6.2134213,7.4904456
2324,-1.7791027,2.8491483
2325,-2.637768,0.82402164
2326,7.557259,-2.5048246
2327,-4.859743,4.358242
2328,6.817364,6.243882
2329,2.3383412,12.987938
2330,10.947045,2.0726485
2331,7.925684,7.89688
2332,6.6588697,-6.075504
2333,6.8535914,1.3969816
2334,2.239967,4.5163503
2335,10.106709,2.8004417
2336,4.0412555,13.96229
2337,-3.198015,2.8316193
2338,6.3446627,-0.29741597
2339,5.098173,7.147711
2340,6.0880632,1.0609695
2341,-3.8475459,6.8189044
2342,8.122563,-0.56359136
2343,8.495817,9.798872
2344,5.352745,13.314281
2345,7.709119,8.202293
2346,6.829755,-2.0231764
2347,7.062882,-7.4023595
2348,3.2263784,14.294895
2349,7.1174808,-6.075396
2350,0.78454685,2.442355
2351,9.578349,1.461956
2352,9.487373,-0.29927942
2353,6.339579,0.78158844
2354,2.7600744,6.8278723
2355,2.731683,5.834075
2356,5.860639,7.21774
2357,2.615959,8.046494
2358,5.8371124,-2.6912413
2359,10.168292,3.790208
2360,6.7172003,0.54284126
2361,7.2096057,-3.549711
2362,-0.6134353,7.0655193
2363,3.6591194,7.3418927
2364,4.192435,13.926597
2365,-2.8030398,3.6157155
2366,-4.3903356,7.0873165
2367,7.141069,-5.602154
2368,6.4086003,9.192337
2369,8.745906,4.8705482
2370,6.5229535,10.503779
2371,8.325195,-0.11480045
2372,7.8891926,-2.055976
2373,-3.0440466,-2.3414183
2374,5.0282407,7.9723988
2375,-0.30014816,9.4784775
2376,-2.2895708,8.06438
2377,2.020685,12.304877
2378,8.293729,-0.7421814
2379,-0.20963772,7.9386115
2380,3.852182,5.761627
2381,-3.3937016,-3.2701745
2382,-3.248477,2.6729376
2383,6.860712,-3.4260018
2384,5.6733,5.39055
2385,-1.6360536,9.435555
2386,8.416166,9.293453
2387,6.4725223,-2.639768
2388,5.4274225,7.4530764
2389,-0.45761213,3.6849356
2390,5.068544,13.831151
2391,8.644844,8.454077
2392,-2.057422,-2.1025515
2393,5.726828,2.2463675
2394,7.0068965,8.953226
2395,4.046189,5.899475
2396,-5.0627065,4.465227
2397,6.6556587,2.2275984
2398,7.6623044,-4.841303
2399,-3.03544,-4.0607767
2400,4.565599,13.725735
2401,-3.036023,1.8105369
2402,11.768492,1.4685824
2403,-4.2893476,3.479096
2404,-3.742591,4.8060136
2405,8.13334,7.601047
2406,-3.4046068,2.6507246
2407,3.2213786,13.961475
2408,-1.3360386,0.51823026
2409,3.439745,12.292282
2410,4.554957,7.3898373
2411,6.9200487,3.6386888
2412,9.107069,5.277932
2413,3.2645414,6.2584405
2414,0.7121546,2.4530463
2415,8.910411,8.629185
2416,-3.0741384,6.1424522
2417,-2.5242884,-0.812064
2418,3.8503463,6.765381
2419,4.260833,6.0433803
2420,-4.6057105,4.9603405
2421,6.1205387,7.28244
2422,6.860964,7.6259604
2423,10.659917,2.4931808
2424,5.1556444,9.311722
2425,6.9988503,9.292584
2426,2.8713381,11.014414
2427,3.3482075,7.18599
2428,-0.72278583,8.8559065
2429,-2.1181896,5.087349
